trade_id,classification,severity,symbol,side,ledger_quantity,broker_quantity,ledger_price,broker_price,ledger_timestamp,broker_timestamp,details
T0000046,missing_from_broker,3,PEP,SELL,4700,,166.7802,,2026-02-09 13:32:24,,
T0000077,missing_from_broker,3,TSLA,SELL,1100,,397.2514,,2026-03-13 13:16:09,,
T0000170,missing_from_broker,3,AAPL,BUY,3200,,260.5662,,2026-02-17 10:35:54,,
T0000267,missing_from_broker,3,BAC,SELL,4300,,50.2478,,2026-05-13 12:19:28,,
T0000305,missing_from_broker,3,WFC,BUY,1800,,80.8323,,2026-04-29 13:07:18,,
T0000503,missing_from_broker,3,PEP,SELL,900,,139.1808,,2026-01-09 15:41:05,,
T0000505,missing_from_broker,3,NVDA,SELL,2900,,186.3622,,2026-02-20 12:30:40,,
T0000675,missing_from_broker,3,CVX,SELL,3300,,184.5271,,2026-02-12 13:14:43,,
T0000885,missing_from_broker,3,WMT,BUY,1200,,118.2546,,2026-01-13 10:31:30,,
T0001007,missing_from_broker,3,HD,BUY,1600,,340.1289,,2025-11-24 14:32:31,,
T0001063,missing_from_broker,3,GOOGL,BUY,1600,,386.7971,,2026-05-04 13:58:51,,
T0001324,missing_from_broker,3,HD,SELL,1100,,315.667,,2026-04-07 14:19:04,,
T0001411,missing_from_broker,3,MSFT,SELL,1700,,477.5112,,2026-01-02 15:26:34,,
T0001502,missing_from_broker,3,NVDA,BUY,3900,,187.8957,,2025-12-31 11:12:11,,
T0001519,missing_from_broker,3,GS,SELL,3400,,932.6438,,2026-05-06 10:55:25,,
T0001530,missing_from_broker,3,KO,BUY,1000,,75.5449,,2026-02-02 12:25:04,,
T0001571,missing_from_broker,3,MSFT,SELL,3400,,403.328,,2026-03-12 10:26:28,,
T0001580,missing_from_broker,3,CVX,SELL,5000,,148.9801,,2025-11-25 15:07:18,,
T0001769,missing_from_broker,3,MSFT,SELL,1700,,482.7489,,2026-01-28 12:10:22,,
T0001913,missing_from_broker,3,AAPL,BUY,2400,,283.0772,,2025-12-04 15:46:45,,
T0002099,missing_from_broker,3,UNH,SELL,1300,,330.0157,,2025-11-28 10:48:45,,
T0002139,missing_from_broker,3,WFC,BUY,5000,,80.3377,,2026-04-16 13:47:45,,
T0002143,missing_from_broker,3,PEP,SELL,300,,137.7083,,2026-01-08 11:25:12,,
T0002163,missing_from_broker,3,BAC,BUY,1700,,54.301,,2025-12-04 12:02:31,,
T0002225,missing_from_broker,3,BAC,SELL,1200,,52.6047,,2025-11-26 12:49:46,,
T0002293,missing_from_broker,3,META,SELL,4600,,578.6872,,2026-04-01 10:43:12,,
T0002359,missing_from_broker,3,CVX,BUY,4200,,181.868,,2026-02-26 15:06:18,,
T0002684,missing_from_broker,3,WMT,SELL,3000,,113.1637,,2026-01-05 12:13:29,,
T0002722,missing_from_broker,3,JNJ,BUY,2300,,227.1574,,2026-01-30 14:07:36,,
T0002801,missing_from_broker,3,UNH,SELL,3300,,368.146,,2026-04-29 11:45:07,,
T0002911,missing_from_broker,3,GOOGL,SELL,1900,,323.8629,,2026-01-08 09:56:33,,
T0003205,missing_from_broker,3,NVDA,SELL,2400,,222.9378,,2026-05-21 12:44:12,,
T0003355,missing_from_broker,3,PEP,SELL,3700,,166.2175,,2026-02-25 15:28:39,,
T0003434,missing_from_broker,3,TSLA,SELL,4400,,345.8629,,2026-04-08 15:28:10,,
T0003498,missing_from_broker,3,GS,SELL,100,,905.0581,,2026-02-27 14:09:03,,
T0003514,missing_from_broker,3,GOOGL,BUY,100,,338.0099,,2026-04-22 11:35:23,,
T0003546,missing_from_broker,3,CVX,SELL,4500,,198.12,,2026-03-17 14:18:06,,
T0003653,missing_from_broker,3,BAC,SELL,700,,55.3235,,2025-12-30 09:40:09,,
T0003719,missing_from_broker,3,JNJ,SELL,1800,,235.2464,,2026-03-20 10:59:30,,
T0003908,missing_from_broker,3,PEP,SELL,2900,,167.9671,,2026-02-06 10:39:35,,
T0003930,missing_from_broker,3,PFE,SELL,3900,,27.2056,,2026-04-17 10:10:13,,
T0003981,missing_from_broker,3,GS,BUY,5000,,816.1435,,2025-11-26 14:41:40,,
T0004285,missing_from_broker,3,GOOGL,BUY,2300,,313.1678,,2026-02-12 09:53:11,,
T0004315,missing_from_broker,3,UNH,BUY,5000,,326.5532,,2025-12-01 13:46:20,,
T0004494,missing_from_broker,3,NVDA,BUY,1800,,189.0286,,2026-01-07 13:40:13,,
T0004501,missing_from_broker,3,JNJ,SELL,3100,,227.7253,,2026-04-29 12:30:54,,
T0004511,missing_from_broker,3,NVDA,SELL,2600,,218.7267,,2026-05-21 10:39:22,,
T0004669,missing_from_broker,3,PFE,SELL,2200,,28.0282,,2026-04-06 12:24:25,,
T0004788,missing_from_broker,3,AAPL,BUY,4300,,266.839,,2026-01-05 12:34:07,,
T0004922,missing_from_broker,3,HD,SELL,1200,,380.5667,,2026-02-18 14:00:45,,
B0000001,missing_from_ledger,3,GOOGL,BUY,,3700,,398.0301,,2026-05-14 09:35:10,
B0000002,missing_from_ledger,3,GS,BUY,,2200,,947.8375,,2026-01-07 12:41:21,
B0000003,missing_from_ledger,3,META,SELL,,3300,,634.8714,,2026-02-24 14:24:59,
B0000004,missing_from_ledger,3,JPM,SELL,,4900,,309.4509,,2026-04-27 13:08:04,
B0000005,missing_from_ledger,3,MSFT,BUY,,3500,,483.1483,,2025-12-05 13:44:06,
B0000006,missing_from_ledger,3,JNJ,SELL,,100,,240.8409,,2026-02-06 14:13:29,
B0000007,missing_from_ledger,3,BAC,SELL,,1800,,52.4018,,2026-02-20 15:54:00,
B0000008,missing_from_ledger,3,JNJ,BUY,,2100,,236.8852,,2026-04-15 12:28:14,
B0000009,missing_from_ledger,3,AMZN,SELL,,900,,253.775,,2026-04-17 10:12:28,
B0000010,missing_from_ledger,3,PFE,BUY,,2400,,27.2475,,2026-04-17 15:18:13,
B0000011,missing_from_ledger,3,JPM,BUY,,1800,,303.6071,,2026-01-30 11:42:32,
B0000012,missing_from_ledger,3,XOM,BUY,,900,,149.6807,,2026-02-24 14:23:04,
B0000013,missing_from_ledger,3,AMZN,SELL,,3800,,231.7218,,2025-11-28 12:27:58,
B0000014,missing_from_ledger,3,XOM,SELL,,200,,150.3259,,2026-04-23 10:59:16,
B0000015,missing_from_ledger,3,META,BUY,,3100,,601.7836,,2026-01-20 15:19:57,
B0000016,missing_from_ledger,3,PEP,SELL,,3000,,164.423,,2026-02-19 12:28:44,
B0000017,missing_from_ledger,3,JPM,SELL,,3300,,283.057,,2026-03-30 14:22:05,
B0000018,missing_from_ledger,3,KO,BUY,,4300,,75.6142,,2026-04-15 14:47:22,
B0000019,missing_from_ledger,3,BAC,BUY,,2500,,54.1705,,2025-12-09 09:52:25,
B0000020,missing_from_ledger,3,PFE,SELL,,3300,,27.2321,,2026-04-14 14:15:27,
B0000021,missing_from_ledger,3,PEP,SELL,,4600,,157.4989,,2026-02-03 11:26:23,
B0000022,missing_from_ledger,3,XOM,SELL,,200,,151.681,,2026-02-10 11:25:49,
B0000023,missing_from_ledger,3,JNJ,BUY,,1800,,211.7258,,2025-12-16 13:52:18,
B0000024,missing_from_ledger,3,JNJ,BUY,,1200,,241.7727,,2026-04-06 15:58:05,
B0000025,missing_from_ledger,3,UNH,BUY,,3700,,289.203,,2026-02-20 12:27:32,
T0000061,price_mismatch_breach,3,KO,BUY,4400,4400,78.9471,78.355,2026-02-13 14:16:03,2026-02-13 14:16:03,diff_bps=75.00
T0000090,price_mismatch_breach,3,WMT,SELL,2200,2200,119.8797,118.9806,2026-03-23 13:33:44,2026-03-23 13:33:44,diff_bps=75.00
T0000145,price_mismatch_breach,3,PEP,SELL,4800,4800,156.1624,157.3336,2026-04-28 12:45:15,2026-04-28 12:45:15,diff_bps=75.00
T0000146,price_mismatch_breach,3,HD,BUY,3200,3200,354.8117,357.4728,2025-12-05 13:19:26,2025-12-05 13:19:26,diff_bps=75.00
T0000336,price_mismatch_breach,3,WMT,SELL,3500,3500,111.7431,110.905,2025-12-23 12:30:26,2025-12-23 12:30:26,diff_bps=75.00
T0000404,price_mismatch_breach,3,PEP,BUY,3600,3600,171.495,172.7812,2026-02-12 15:46:39,2026-02-12 15:46:39,diff_bps=75.00
T0000427,price_mismatch_breach,3,HD,BUY,2100,2100,378.2533,381.0902,2026-01-15 14:45:10,2026-01-15 14:45:10,diff_bps=75.00
T0000440,price_mismatch_breach,3,JPM,SELL,1200,1200,298.902,301.1438,2026-05-14 11:51:19,2026-05-14 11:51:19,diff_bps=75.00
T0000533,price_mismatch_breach,3,AMZN,BUY,600,600,223.1469,224.8205,2025-12-15 10:40:35,2025-12-15 10:40:35,diff_bps=75.00
T0000576,price_mismatch_breach,3,JPM,BUY,3900,3900,308.7981,311.1141,2026-02-19 10:41:32,2026-02-19 10:41:32,diff_bps=75.00
T0000585,price_mismatch_breach,3,BAC,SELL,1000,1000,54.0183,53.6132,2025-12-09 13:00:52,2025-12-09 13:00:52,diff_bps=74.99
T0000940,price_mismatch_breach,3,WFC,BUY,1900,1900,94.3866,95.0945,2025-12-23 09:49:53,2025-12-23 09:49:53,diff_bps=75.00
T0001330,price_mismatch_breach,3,TSLA,BUY,1500,1500,378.4114,381.2495,2026-04-24 11:20:35,2026-04-24 11:20:35,diff_bps=75.00
T0001741,price_mismatch_breach,3,BAC,BUY,3300,3300,47.8793,48.2384,2026-03-17 10:28:42,2026-03-17 10:28:42,diff_bps=75.00
T0001752,price_mismatch_breach,3,HD,SELL,4600,4600,336.5692,334.0449,2026-04-10 13:00:49,2026-04-10 13:00:49,diff_bps=75.00
T0001792,price_mismatch_breach,3,HD,SELL,4600,4600,341.4462,344.007,2026-03-17 14:56:13,2026-03-17 14:56:13,diff_bps=75.00
T0002030,price_mismatch_breach,3,TSLA,SELL,1100,1100,377.8201,374.9864,2026-04-28 12:05:11,2026-04-28 12:05:11,diff_bps=75.00
T0002071,price_mismatch_breach,3,AMZN,SELL,100,100,245.8666,247.7106,2026-04-16 14:23:33,2026-04-16 14:23:33,diff_bps=75.00
T0002221,price_mismatch_breach,3,KO,SELL,4500,4500,78.6206,79.2103,2026-05-08 15:07:02,2026-05-08 15:07:02,diff_bps=75.01
T0002397,price_mismatch_breach,3,KO,SELL,2700,2700,78.7428,78.1522,2026-05-12 13:41:39,2026-05-12 13:41:39,diff_bps=75.00
T0002485,price_mismatch_breach,3,TSLA,SELL,2600,2600,384.6843,381.7992,2026-05-01 14:36:56,2026-05-01 14:36:56,diff_bps=75.00
T0002596,price_mismatch_breach,3,AMZN,SELL,2000,2000,233.6155,235.3676,2026-01-22 11:47:49,2026-01-22 11:47:49,diff_bps=75.00
T0002612,price_mismatch_breach,3,KO,SELL,200,200,77.2312,76.652,2026-03-05 13:01:33,2026-03-05 13:01:33,diff_bps=75.00
T0002644,price_mismatch_breach,3,GS,SELL,4600,4600,969.1774,976.4462,2026-01-22 13:36:40,2026-01-22 13:36:40,diff_bps=75.00
T0002752,price_mismatch_breach,3,MSFT,SELL,1400,1400,398.3552,395.3675,2026-03-17 13:01:59,2026-03-17 13:01:59,diff_bps=75.00
T0002761,price_mismatch_breach,3,GOOGL,BUY,1000,1000,284.7459,286.8815,2026-03-26 10:05:35,2026-03-26 10:05:35,diff_bps=75.00
T0002830,price_mismatch_breach,3,GOOGL,SELL,5000,5000,299.312,301.5568,2026-03-03 14:26:37,2026-03-03 14:26:37,diff_bps=75.00
T0002846,price_mismatch_breach,3,GS,SELL,2200,2200,876.1376,882.7086,2025-12-16 15:23:26,2025-12-16 15:23:26,diff_bps=75.00
T0003120,price_mismatch_breach,3,HD,BUY,600,600,378.9409,376.0988,2026-01-27 11:33:53,2026-01-27 11:33:53,diff_bps=75.00
T0003217,price_mismatch_breach,3,AAPL,BUY,900,900,278.8051,276.7141,2025-12-12 12:19:48,2025-12-12 12:19:48,diff_bps=75.00
T0003283,price_mismatch_breach,3,PEP,SELL,200,200,165.8831,164.639,2026-02-04 12:49:31,2026-02-04 12:49:31,diff_bps=75.00
T0003304,price_mismatch_breach,3,NVDA,SELL,2300,2300,188.3349,186.9224,2026-02-20 14:47:52,2026-02-20 14:47:52,diff_bps=75.00
T0003345,price_mismatch_breach,3,WFC,SELL,4300,4300,85.3863,86.0267,2026-04-10 15:48:00,2026-04-10 15:48:00,diff_bps=75.00
T0003448,price_mismatch_breach,3,XOM,BUY,4800,4800,126.4054,127.3534,2026-01-13 13:25:01,2026-01-13 13:25:01,diff_bps=75.00
T0003518,price_mismatch_breach,3,KO,BUY,2100,2100,71.1617,70.628,2025-12-04 15:32:23,2025-12-04 15:32:23,diff_bps=75.00
T0003543,price_mismatch_breach,3,MSFT,SELL,4800,4800,370.8185,373.5996,2026-03-31 13:41:09,2026-03-31 13:41:09,diff_bps=75.00
T0003575,price_mismatch_breach,3,PEP,BUY,1800,1800,147.9165,149.0259,2025-12-04 11:54:31,2025-12-04 11:54:31,diff_bps=75.00
T0003622,price_mismatch_breach,3,META,SELL,200,200,640.7458,645.5514,2026-02-13 10:04:15,2026-02-13 10:04:15,diff_bps=75.00
T0003778,price_mismatch_breach,3,HD,BUY,1700,1700,348.0083,345.3982,2025-11-25 11:28:23,2025-11-25 11:28:23,diff_bps=75.00
T0003834,price_mismatch_breach,3,JNJ,BUY,4300,4300,207.0517,208.6046,2025-12-30 12:35:43,2025-12-30 12:35:43,diff_bps=75.00
T0003876,price_mismatch_breach,3,CVX,SELL,3500,3500,150.3372,149.2097,2025-12-05 13:29:41,2025-12-05 13:29:41,diff_bps=75.00
T0003902,price_mismatch_breach,3,PEP,SELL,4000,4000,148.7929,149.9088,2025-12-01 14:46:27,2025-12-01 14:46:27,diff_bps=75.00
T0004068,price_mismatch_breach,3,BAC,SELL,1500,1500,55.5674,55.9842,2026-02-10 14:12:46,2026-02-10 14:12:46,diff_bps=75.01
T0004297,price_mismatch_breach,3,BAC,BUY,1800,1800,53.6585,53.2561,2026-05-07 10:45:39,2026-05-07 10:45:39,diff_bps=74.99
T0004337,price_mismatch_breach,3,UNH,BUY,4700,4700,324.8919,327.3286,2025-12-18 13:51:27,2025-12-18 13:51:27,diff_bps=75.00
T0004354,price_mismatch_breach,3,BAC,SELL,2900,2900,54.819,54.4079,2026-01-13 13:29:00,2026-01-13 13:29:00,diff_bps=74.99
T0004359,price_mismatch_breach,3,JNJ,SELL,4400,4400,233.5888,235.3407,2026-02-04 10:29:44,2026-02-04 10:29:44,diff_bps=75.00
T0004462,price_mismatch_breach,3,TSLA,BUY,3800,3800,368.0304,370.7906,2026-04-15 13:30:28,2026-04-15 13:30:28,diff_bps=75.00
T0004490,price_mismatch_breach,3,JPM,SELL,4700,4700,293.4586,295.6595,2026-04-06 10:59:00,2026-04-06 10:59:00,diff_bps=75.00
T0004550,price_mismatch_breach,3,HD,BUY,4200,4200,381.3887,378.5283,2026-02-03 09:34:02,2026-02-03 09:34:02,diff_bps=75.00
T0000009,duplicate,2,META,SELL,,600,,642.2598,,2025-11-28 13:30:58,copies=2
T0000021,duplicate,2,WFC,SELL,,4800,,82.8109,,2025-11-24 15:23:31,copies=2
T0000106,duplicate,2,UNH,SELL,,3200,,306.152,,2026-04-08 11:51:26,copies=2
T0000142,duplicate,2,META,BUY,,3400,,627.18,,2026-01-16 12:33:20,copies=2
T0000216,duplicate,2,NVDA,BUY,,4600,,182.8448,,2026-02-13 10:19:26,copies=2
T0000304,duplicate,2,HD,SELL,,3900,,314.1201,,2026-05-11 14:11:07,copies=2
T0000504,duplicate,2,HD,BUY,,700,,379.0378,,2026-01-28 11:43:15,copies=2
T0000669,duplicate,2,KO,BUY,,4400,,74.4775,,2026-02-02 09:56:28,copies=2
T0000720,duplicate,2,XOM,BUY,,2900,,155.469,,2026-05-21 14:07:20,copies=2
T0000848,duplicate,2,MSFT,BUY,,1100,,487.5468,,2025-12-01 12:43:32,copies=2
T0000922,duplicate,2,XOM,SELL,,800,,149.2982,,2026-02-13 12:47:36,copies=2
T0000976,duplicate,2,META,SELL,,200,,653.1613,,2026-02-26 11:17:55,copies=2
T0001211,duplicate,2,CVX,SELL,,2600,,183.7033,,2026-02-18 15:59:58,copies=2
T0001310,duplicate,2,HD,BUY,,4600,,359.2503,,2025-12-03 12:43:04,copies=2
T0001457,duplicate,2,PEP,BUY,,300,,158.3626,,2026-03-30 15:45:55,copies=2
T0001532,duplicate,2,AAPL,BUY,,2600,,273.8655,,2025-12-26 14:09:26,copies=2
T0001610,duplicate,2,GOOGL,SELL,,3200,,308.2077,,2026-02-27 14:20:53,copies=2
T0001640,duplicate,2,NVDA,SELL,,300,,189.5653,,2026-02-18 09:32:34,copies=2
T0001922,duplicate,2,WFC,SELL,,300,,81.0768,,2026-04-07 11:15:56,copies=2
T0001949,duplicate,2,AAPL,BUY,,1300,,280.1076,,2025-12-01 11:07:35,copies=2
T0002159,duplicate,2,WMT,SELL,,2400,,117.8563,,2026-01-12 12:06:11,copies=2
T0002318,duplicate,2,BAC,SELL,,3100,,50.0258,,2026-04-07 11:49:11,copies=2
T0002364,duplicate,2,GOOGL,SELL,,800,,342.9077,,2026-02-02 13:51:08,copies=2
T0002365,duplicate,2,UNH,BUY,,700,,333.7595,,2025-12-30 15:54:18,copies=2
T0002485,duplicate,2,TSLA,SELL,,2600,,381.7992,,2026-05-01 14:36:56,copies=2
T0002492,duplicate,2,NVDA,BUY,,4400,,189.7785,,2026-01-16 15:25:38,copies=2
T0002642,duplicate,2,GS,SELL,,5000,,936.6986,,2026-05-12 11:17:11,copies=2
T0002702,duplicate,2,UNH,BUY,,2500,,363.6278,,2026-05-05 11:25:31,copies=2
T0002856,duplicate,2,MSFT,BUY,,1700,,411.1672,,2026-03-05 13:25:27,copies=2
T0002875,duplicate,2,JPM,BUY,,2500,,293.5662,,2026-03-26 11:51:27,copies=2
T0002950,duplicate,2,WFC,SELL,,900,,93.124,,2026-02-04 13:26:34,copies=2
T0003126,duplicate,2,HD,BUY,,3800,,348.4823,,2026-04-17 12:32:55,copies=2
T0003184,duplicate,2,MSFT,SELL,,2900,,486.387,,2025-12-22 13:03:51,copies=2
T0003185,duplicate,2,CVX,BUY,,2000,,188.7858,,2026-03-11 14:56:36,copies=2
T0003295,duplicate,2,AMZN,SELL,,1400,,263.188,,2026-04-27 13:22:49,copies=2
T0003410,duplicate,2,GS,BUY,,4500,,903.872,,2026-02-20 12:01:41,copies=2
T0003517,duplicate,2,AMZN,SELL,,3500,,232.9251,,2026-02-04 13:41:56,copies=2
T0003582,duplicate,2,UNH,SELL,,4500,,327.0036,,2026-01-20 09:44:35,copies=2
T0003643,duplicate,2,KO,SELL,,4700,,77.0375,,2026-03-12 14:27:16,copies=2
T0003693,duplicate,2,AMZN,SELL,,3200,,271.73,,2026-05-07 12:34:23,copies=2
T0003762,duplicate,2,WFC,BUY,,2800,,92.3349,,2025-12-12 09:44:30,copies=2
T0003864,duplicate,2,CVX,BUY,,3500,,151.7541,,2025-12-31 15:23:58,copies=2
T0003915,duplicate,2,UNH,SELL,,600,,316.1899,,2026-04-16 12:54:51,copies=2
T0004013,duplicate,2,JNJ,SELL,,3300,,233.2195,,2026-04-16 14:54:26,copies=2
T0004092,duplicate,2,AAPL,SELL,,2800,,271.7553,,2026-04-28 15:11:31,copies=2
T0004223,duplicate,2,WMT,BUY,,1800,,125.37,,2026-02-26 12:44:28,copies=2
T0004360,duplicate,2,PEP,BUY,,3200,,165.5654,,2026-02-05 11:21:38,copies=2
T0004556,duplicate,2,META,BUY,,1300,,652.9252,,2026-01-23 11:24:44,copies=2
T0004871,duplicate,2,AMZN,SELL,,2700,,250.9865,,2026-04-21 15:54:30,copies=2
T0004966,duplicate,2,GOOGL,BUY,,4700,,304.9877,,2025-12-15 13:57:37,copies=2
T0000025,quantity_mismatch,2,UNH,BUY,2500,2300,286.8042,286.8042,2026-03-19 12:13:54,2026-03-19 12:13:54,
T0000211,quantity_mismatch,2,NVDA,BUY,4700,5200,193.4079,193.4079,2026-01-05 12:51:25,2026-01-05 12:51:25,
T0000256,quantity_mismatch,2,GOOGL,BUY,1400,1300,391.1981,391.1981,2026-05-05 15:18:02,2026-05-05 15:18:02,
T0000268,quantity_mismatch,2,TSLA,SELL,2200,2400,445.8166,445.8166,2026-05-13 15:21:08,2026-05-13 15:21:08,
T0000360,quantity_mismatch,2,PFE,BUY,2900,3200,25.5759,25.5759,2026-05-19 12:48:25,2026-05-19 12:48:25,
T0000377,quantity_mismatch,2,PFE,SELL,700,800,27.0311,27.0311,2026-04-07 12:33:40,2026-04-07 12:33:40,
T0000426,quantity_mismatch,2,AMZN,SELL,3300,3600,268.2516,268.2516,2026-05-22 15:50:51,2026-05-22 15:50:51,
T0000539,quantity_mismatch,2,WFC,BUY,2000,1800,81.4217,81.4217,2026-04-20 14:02:52,2026-04-20 14:02:52,
T0000796,quantity_mismatch,2,NVDA,BUY,3000,3300,213.9223,213.9223,2026-05-07 10:28:12,2026-05-07 10:28:12,
T0001381,quantity_mismatch,2,PEP,SELL,4000,4400,160.4742,160.4742,2026-03-16 15:40:36,2026-03-16 15:40:36,
T0001440,quantity_mismatch,2,PEP,SELL,2600,2300,148.9845,148.9845,2025-12-12 11:02:06,2025-12-12 11:02:06,
T0001444,quantity_mismatch,2,BAC,BUY,3400,3100,47.9086,47.9086,2026-03-24 14:34:10,2026-03-24 14:34:10,
T0001477,quantity_mismatch,2,GS,SELL,1400,1300,923.7213,923.7213,2026-04-21 15:10:15,2026-04-21 15:10:15,
T0001531,quantity_mismatch,2,MSFT,SELL,500,400,426.1837,426.259,2026-04-17 13:25:57,2026-04-17 13:25:57,
T0001694,quantity_mismatch,2,JPM,BUY,4200,3800,315.378,315.378,2026-05-06 13:45:43,2026-05-06 13:45:43,
T0001720,quantity_mismatch,2,WFC,SELL,500,400,88.5385,88.5385,2026-01-27 10:16:38,2026-01-27 10:16:38,
T0001920,quantity_mismatch,2,WFC,BUY,2500,2700,75.1402,75.1402,2026-03-12 12:52:52,2026-03-12 12:52:52,
T0002093,quantity_mismatch,2,WMT,SELL,800,700,115.1016,115.1016,2025-12-11 14:40:35,2025-12-11 14:40:35,
T0002173,quantity_mismatch,2,PEP,BUY,2200,2000,148.5758,148.5758,2026-05-12 10:29:36,2026-05-12 10:29:36,
T0002339,quantity_mismatch,2,AAPL,SELL,300,400,269.2009,269.2009,2026-04-30 09:46:26,2026-04-30 09:46:26,
T0002453,quantity_mismatch,2,MSFT,BUY,4400,4000,408.4049,408.4049,2026-05-06 13:45:09,2026-05-06 13:45:09,
T0002643,quantity_mismatch,2,META,BUY,200,100,665.0508,665.0508,2025-12-04 11:41:49,2025-12-04 11:41:49,
T0002709,quantity_mismatch,2,PFE,SELL,2700,2400,26.5406,26.5406,2026-03-16 14:19:12,2026-03-16 14:19:12,
T0002721,quantity_mismatch,2,CVX,SELL,600,700,187.9007,187.9007,2026-03-03 11:14:37,2026-03-03 11:14:37,
T0002864,quantity_mismatch,2,CVX,BUY,2800,3100,159.9467,159.9467,2026-01-08 13:16:57,2026-01-08 13:16:57,
T0003193,quantity_mismatch,2,JNJ,SELL,1500,1700,238.9144,238.9144,2026-02-09 13:01:10,2026-02-09 13:01:10,
T0003401,quantity_mismatch,2,WMT,SELL,2900,3200,120.4724,120.4724,2026-01-15 13:27:52,2026-01-15 13:27:52,
T0003429,quantity_mismatch,2,UNH,SELL,3200,2900,282.3705,282.3705,2026-03-13 13:05:07,2026-03-13 13:05:07,
T0003482,quantity_mismatch,2,META,SELL,300,400,611.6957,611.6957,2026-05-08 14:07:47,2026-05-08 14:07:47,
T0003592,quantity_mismatch,2,NVDA,SELL,4500,4900,199.6827,199.6827,2026-05-06 11:19:01,2026-05-06 11:19:01,
T0003889,quantity_mismatch,2,GOOGL,SELL,1100,1200,342.0621,342.0621,2026-04-17 12:40:57,2026-04-17 12:40:57,
T0003892,quantity_mismatch,2,KO,SELL,1700,1900,80.561,80.561,2026-02-26 13:07:27,2026-02-26 13:07:27,
T0003929,quantity_mismatch,2,JNJ,SELL,300,200,205.178,205.178,2026-01-09 11:58:46,2026-01-09 11:58:46,
T0004194,quantity_mismatch,2,AAPL,BUY,1000,1100,264.906,264.906,2026-04-15 12:28:09,2026-04-15 12:28:09,
T0004246,quantity_mismatch,2,NVDA,SELL,5000,5500,184.8364,184.8364,2026-03-11 14:50:33,2026-03-11 14:50:33,
T0004300,quantity_mismatch,2,MSFT,BUY,3300,3600,400.5203,400.5203,2026-04-30 09:31:22,2026-04-30 09:31:22,
T0004420,quantity_mismatch,2,GOOGL,SELL,3500,3100,315.5025,315.5025,2025-12-09 14:56:19,2025-12-09 14:56:19,
T0004425,quantity_mismatch,2,TSLA,SELL,1600,1800,440.0878,440.0878,2026-01-15 10:35:08,2026-01-15 10:35:08,
T0004426,quantity_mismatch,2,HD,SELL,4600,5100,388.2077,388.2077,2026-02-13 13:27:54,2026-02-13 13:27:54,
T0004477,quantity_mismatch,2,KO,SELL,3900,3500,76.4404,76.4404,2026-04-14 15:21:29,2026-04-14 15:21:29,
T0004487,quantity_mismatch,2,WFC,BUY,1600,1800,81.5441,81.5441,2026-04-30 14:07:37,2026-04-30 14:07:37,
T0004540,quantity_mismatch,2,HD,SELL,1600,1400,390.1074,390.1074,2026-02-04 09:34:30,2026-02-04 09:34:30,
T0004621,quantity_mismatch,2,CVX,BUY,4100,4500,172.57,172.57,2026-01-29 14:09:43,2026-01-29 14:09:43,
T0004672,quantity_mismatch,2,JNJ,SELL,2000,2200,234.0287,234.0287,2026-04-17 14:26:06,2026-04-17 14:26:06,
T0004775,quantity_mismatch,2,NVDA,BUY,1400,1500,177.3964,177.3964,2026-02-04 14:26:06,2026-02-04 14:26:06,
T0004828,quantity_mismatch,2,WFC,BUY,2100,2300,85.1428,85.1428,2026-04-09 14:49:21,2026-04-09 14:49:21,
T0004868,quantity_mismatch,2,TSLA,BUY,500,400,421.0862,421.0862,2026-02-13 10:22:14,2026-02-13 10:22:14,
T0004873,quantity_mismatch,2,MSFT,BUY,500,600,486.9497,486.9497,2025-12-26 10:39:41,2025-12-26 10:39:41,
T0004902,quantity_mismatch,2,JNJ,BUY,3800,3400,206.9082,206.9082,2025-12-19 14:52:27,2025-12-19 14:52:27,
T0004962,quantity_mismatch,2,WFC,BUY,200,100,92.0382,92.0382,2025-12-11 10:39:18,2025-12-11 10:39:18,
T0000002,price_mismatch_within_tol,1,UNH,BUY,3700,3700,289.203,289.2387,2026-02-20 12:27:32,2026-02-20 12:27:32,diff_bps=1.23
T0000023,price_mismatch_within_tol,1,AMZN,BUY,4700,4700,210.713,210.6531,2026-03-23 12:19:33,2026-03-23 12:19:33,diff_bps=2.84
T0000048,price_mismatch_within_tol,1,HD,SELL,1200,1200,320.0815,320.1095,2026-04-29 12:19:20,2026-04-29 12:19:20,diff_bps=0.87
T0000049,price_mismatch_within_tol,1,JNJ,SELL,1500,1500,237.0515,237.1101,2026-03-06 14:01:37,2026-03-06 14:01:37,diff_bps=2.47
T0000108,price_mismatch_within_tol,1,JNJ,SELL,2600,2600,218.5031,218.5428,2026-01-16 12:06:04,2026-01-16 12:06:04,diff_bps=1.82
T0000118,price_mismatch_within_tol,1,GOOGL,SELL,3100,3100,341.5373,341.5945,2026-04-17 09:31:00,2026-04-17 09:31:00,diff_bps=1.67
T0000153,price_mismatch_within_tol,1,KO,BUY,3600,3600,73.4267,73.4098,2026-01-28 14:49:34,2026-01-28 14:49:34,diff_bps=2.30
T0000173,price_mismatch_within_tol,1,UNH,SELL,2100,2100,273.8618,273.8355,2026-02-11 14:59:07,2026-02-11 14:59:07,diff_bps=0.96
T0000238,price_mismatch_within_tol,1,BAC,BUY,1400,1400,47.095,47.0989,2026-03-20 15:36:32,2026-03-20 15:36:32,diff_bps=0.83
T0000276,price_mismatch_within_tol,1,GS,BUY,4000,4000,836.222,836.43,2026-03-23 10:26:19,2026-03-23 10:26:19,diff_bps=2.49
T0000279,price_mismatch_within_tol,1,MSFT,BUY,100,100,451.0986,451.0449,2026-01-20 09:51:10,2026-01-20 09:51:10,diff_bps=1.19
T0000314,price_mismatch_within_tol,1,NVDA,BUY,1000,1000,180.4068,180.4575,2026-03-18 13:20:49,2026-03-18 13:20:49,diff_bps=2.81
T0000319,price_mismatch_within_tol,1,KO,BUY,2000,2000,75.1988,75.2159,2026-04-15 10:53:45,2026-04-15 10:53:45,diff_bps=2.27
T0000322,price_mismatch_within_tol,1,GOOGL,BUY,4800,4800,308.6044,308.6532,2025-12-22 11:47:49,2025-12-22 11:47:49,diff_bps=1.58
T0000353,price_mismatch_within_tol,1,NVDA,SELL,2100,2100,225.107,225.0532,2026-05-20 12:38:41,2026-05-20 12:38:41,diff_bps=2.39
T0000369,price_mismatch_within_tol,1,AAPL,BUY,600,600,274.6676,274.6979,2026-02-12 13:42:43,2026-02-12 13:42:43,diff_bps=1.10
T0000376,price_mismatch_within_tol,1,MSFT,SELL,1500,1500,410.3755,410.396,2026-05-05 11:05:34,2026-05-05 11:05:34,diff_bps=0.50
T0000393,price_mismatch_within_tol,1,JPM,SELL,1200,1200,300.3902,300.3252,2026-01-27 10:00:39,2026-01-27 10:00:39,diff_bps=2.16
T0000490,price_mismatch_within_tol,1,CVX,SELL,4300,4300,149.5028,149.4951,2025-12-15 12:27:03,2025-12-15 12:27:03,diff_bps=0.52
T0000493,price_mismatch_within_tol,1,UNH,BUY,3500,3500,330.6044,330.6773,2025-12-05 12:51:19,2025-12-05 12:51:19,diff_bps=2.21
T0000504,price_mismatch_within_tol,1,HD,BUY,700,700,378.951,379.0378,2026-01-28 11:43:15,2026-01-28 11:43:15,diff_bps=2.29
T0000516,price_mismatch_within_tol,1,GOOGL,BUY,1500,1500,312.0794,311.9959,2025-12-12 15:15:46,2025-12-12 15:15:46,diff_bps=2.68
T0000619,price_mismatch_within_tol,1,MSFT,BUY,4200,4200,471.2294,471.3602,2026-01-05 13:59:25,2026-01-05 13:59:25,diff_bps=2.78
T0000693,price_mismatch_within_tol,1,KO,BUY,2600,2600,76.5288,76.5342,2026-03-18 10:29:21,2026-03-18 10:29:21,diff_bps=0.71
T0000761,price_mismatch_within_tol,1,AMZN,SELL,2500,2500,205.5795,205.6071,2026-02-27 13:21:24,2026-02-27 13:21:24,diff_bps=1.34
T0000824,price_mismatch_within_tol,1,JNJ,SELL,1500,1500,205.5903,205.6425,2025-11-24 14:15:32,2025-11-24 14:15:32,diff_bps=2.54
T0000860,price_mismatch_within_tol,1,WMT,SELL,3000,3000,108.7471,108.7707,2025-11-26 14:27:22,2025-11-26 14:27:22,diff_bps=2.17
T0000875,price_mismatch_within_tol,1,JNJ,BUY,1800,1800,230.5101,230.5786,2026-05-14 12:00:33,2026-05-14 12:00:33,diff_bps=2.97
T0000922,price_mismatch_within_tol,1,XOM,SELL,800,800,149.2907,149.2982,2026-02-13 12:47:36,2026-02-13 12:47:36,diff_bps=0.50
T0000951,price_mismatch_within_tol,1,MSFT,BUY,4400,4400,409.5447,409.5724,2026-04-30 13:35:03,2026-04-30 13:35:03,diff_bps=0.68
T0001145,price_mismatch_within_tol,1,TSLA,SELL,3700,3700,392.7973,392.8648,2026-03-18 11:06:02,2026-03-18 11:06:02,diff_bps=1.72
T0001178,price_mismatch_within_tol,1,AMZN,BUY,4400,4400,261.6271,261.5667,2026-04-24 12:13:45,2026-04-24 12:13:45,diff_bps=2.31
T0001188,price_mismatch_within_tol,1,XOM,BUY,3900,3900,163.1047,163.0719,2026-05-19 12:05:09,2026-05-19 12:05:09,diff_bps=2.01
T0001199,price_mismatch_within_tol,1,WMT,SELL,1100,1100,112.2486,112.2662,2025-12-03 09:56:40,2025-12-03 09:56:40,diff_bps=1.57
T0001228,price_mismatch_within_tol,1,PEP,BUY,400,400,154.5978,154.643,2026-03-30 11:46:11,2026-03-30 11:46:11,diff_bps=2.92
T0001230,price_mismatch_within_tol,1,NVDA,SELL,600,600,188.6813,188.7231,2026-04-13 11:00:22,2026-04-13 11:00:22,diff_bps=2.22
T0001312,price_mismatch_within_tol,1,TSLA,SELL,4100,4100,407.704,407.7244,2026-05-18 11:28:01,2026-05-18 11:28:01,diff_bps=0.50
T0001318,price_mismatch_within_tol,1,XOM,SELL,4500,4500,147.2381,147.2201,2026-04-20 15:49:03,2026-04-20 15:49:03,diff_bps=1.22
T0001329,price_mismatch_within_tol,1,JNJ,BUY,400,400,246.9433,246.9556,2026-02-25 11:44:07,2026-02-25 11:44:07,diff_bps=0.50
T0001335,price_mismatch_within_tol,1,WFC,SELL,2700,2700,79.17,79.1821,2026-03-26 15:56:33,2026-03-26 15:56:33,diff_bps=1.53
T0001412,price_mismatch_within_tol,1,XOM,BUY,2200,2200,123.2778,123.2896,2026-01-06 11:48:33,2026-01-06 11:48:33,diff_bps=0.96
T0001421,price_mismatch_within_tol,1,KO,SELL,400,400,81.0783,81.0566,2026-05-22 09:47:16,2026-05-22 09:47:16,diff_bps=2.68
T0001467,price_mismatch_within_tol,1,CVX,SELL,2300,2300,201.746,201.7854,2026-04-02 13:51:09,2026-04-02 13:51:09,diff_bps=1.95
T0001504,price_mismatch_within_tol,1,TSLA,SELL,100,100,413.8614,413.9013,2026-02-13 10:41:32,2026-02-13 10:41:32,diff_bps=0.96
T0001531,price_mismatch_within_tol,1,MSFT,SELL,500,400,426.1837,426.259,2026-04-17 13:25:57,2026-04-17 13:25:57,diff_bps=1.77
T0001549,price_mismatch_within_tol,1,GS,BUY,1200,1200,908.9821,909.0448,2026-05-04 15:28:55,2026-05-04 15:28:55,diff_bps=0.69
T0001572,price_mismatch_within_tol,1,JPM,BUY,3300,3300,333.9684,333.9851,2026-01-06 12:30:03,2026-01-06 12:30:03,diff_bps=0.50
T0001643,price_mismatch_within_tol,1,BAC,SELL,4400,4400,49.5093,49.5201,2026-05-14 13:52:56,2026-05-14 13:52:56,diff_bps=2.18
T0001727,price_mismatch_within_tol,1,KO,SELL,2100,2100,81.4189,81.4043,2026-05-22 12:15:28,2026-05-22 12:15:28,diff_bps=1.79
T0001772,price_mismatch_within_tol,1,JPM,SELL,2200,2200,298.3753,298.3393,2026-03-04 11:15:56,2026-03-04 11:15:56,diff_bps=1.21
T0001826,price_mismatch_within_tol,1,KO,BUY,3700,3700,72.4721,72.482,2025-12-01 15:53:59,2025-12-01 15:53:59,diff_bps=1.37
T0001885,price_mismatch_within_tol,1,CVX,BUY,1400,1400,170.0656,170.0993,2026-01-28 15:55:41,2026-01-28 15:55:41,diff_bps=1.98
T0002204,price_mismatch_within_tol,1,TSLA,BUY,300,300,354.4372,354.4956,2026-04-06 11:12:01,2026-04-06 11:12:01,diff_bps=1.65
T0002312,price_mismatch_within_tol,1,MSFT,SELL,1000,1000,481.8517,481.9674,2026-01-28 13:27:43,2026-01-28 13:27:43,diff_bps=2.40
T0002353,price_mismatch_within_tol,1,PFE,BUY,3400,3400,25.762,25.7684,2026-01-15 10:01:10,2026-01-15 10:01:10,diff_bps=2.48
T0002357,price_mismatch_within_tol,1,BAC,BUY,1300,1300,57.0647,57.0676,2026-01-06 12:59:56,2026-01-06 12:59:56,diff_bps=0.51
T0002405,price_mismatch_within_tol,1,JPM,SELL,2900,2900,287.7155,287.6986,2026-03-27 15:19:49,2026-03-27 15:19:49,diff_bps=0.59
T0002471,price_mismatch_within_tol,1,HD,SELL,500,500,332.8045,332.8705,2026-04-28 12:33:51,2026-04-28 12:33:51,diff_bps=1.98
T0002505,price_mismatch_within_tol,1,MSFT,SELL,2800,2800,481.4174,481.3884,2025-11-26 11:47:12,2025-11-26 11:47:12,diff_bps=0.60
T0002516,price_mismatch_within_tol,1,WMT,BUY,2200,2200,127.3949,127.4089,2026-02-05 11:25:46,2026-02-05 11:25:46,diff_bps=1.10
T0002635,price_mismatch_within_tol,1,MSFT,SELL,2500,2500,376.149,376.2431,2026-03-25 10:34:13,2026-03-25 10:34:13,diff_bps=2.50
T0002645,price_mismatch_within_tol,1,GS,BUY,3400,3400,812.0905,812.251,2025-12-02 09:48:09,2025-12-02 09:48:09,diff_bps=1.98
T0002781,price_mismatch_within_tol,1,TSLA,SELL,2900,2900,457.0778,457.1272,2026-01-05 12:55:05,2026-01-05 12:55:05,diff_bps=1.08
T0002795,price_mismatch_within_tol,1,MSFT,BUY,2400,2400,418.661,418.6819,2026-02-03 13:26:08,2026-02-03 13:26:08,diff_bps=0.50
T0002849,price_mismatch_within_tol,1,NVDA,SELL,3900,3900,184.0111,184.0513,2026-03-13 14:03:09,2026-03-13 14:03:09,diff_bps=2.18
T0002905,price_mismatch_within_tol,1,JNJ,SELL,4900,4900,206.5845,206.6273,2025-12-01 11:48:55,2025-12-01 11:48:55,diff_bps=2.07
T0002909,price_mismatch_within_tol,1,GOOGL,SELL,4200,4200,299.2368,299.1723,2026-03-05 15:02:40,2026-03-05 15:02:40,diff_bps=2.16
T0003209,price_mismatch_within_tol,1,BAC,SELL,2600,2600,55.3891,55.3919,2026-02-06 14:18:30,2026-02-06 14:18:30,diff_bps=0.51
T0003229,price_mismatch_within_tol,1,PFE,SELL,600,600,27.3123,27.3104,2026-04-10 12:43:33,2026-04-10 12:43:33,diff_bps=0.70
T0003238,price_mismatch_within_tol,1,PEP,SELL,3500,3500,155.6971,155.6734,2026-05-04 13:51:05,2026-05-04 13:51:05,diff_bps=1.52
T0003298,price_mismatch_within_tol,1,KO,SELL,3300,3300,70.6877,70.6912,2025-12-19 11:50:14,2025-12-19 11:50:14,diff_bps=0.50
T0003379,price_mismatch_within_tol,1,HD,SELL,4600,4600,346.6354,346.5387,2025-12-22 13:19:00,2025-12-22 13:19:00,diff_bps=2.79
T0003381,price_mismatch_within_tol,1,WMT,SELL,1600,1600,118.995,119.0009,2026-03-20 09:40:30,2026-03-20 09:40:30,diff_bps=0.50
T0003407,price_mismatch_within_tol,1,JPM,SELL,2300,2300,318.9886,318.9638,2025-12-12 11:26:52,2025-12-12 11:26:52,diff_bps=0.78
T0003457,price_mismatch_within_tol,1,UNH,BUY,4300,4300,324.9224,324.9386,2025-11-25 13:17:01,2025-11-25 13:17:01,diff_bps=0.50
T0003469,price_mismatch_within_tol,1,WFC,BUY,1500,1500,84.1674,84.1456,2026-02-24 15:45:59,2026-02-24 15:45:59,diff_bps=2.59
T0003474,price_mismatch_within_tol,1,HD,SELL,4800,4800,326.2323,326.319,2026-04-02 13:54:50,2026-04-02 13:54:50,diff_bps=2.66
T0003548,price_mismatch_within_tol,1,HD,BUY,5000,5000,321.2014,321.1521,2026-03-20 10:58:37,2026-03-20 10:58:37,diff_bps=1.53
T0003553,price_mismatch_within_tol,1,KO,BUY,4300,4300,75.6142,75.6291,2026-04-15 14:47:22,2026-04-15 14:47:22,diff_bps=1.97
T0003587,price_mismatch_within_tol,1,GS,SELL,1400,1400,814.093,813.9095,2025-12-02 11:07:01,2025-12-02 11:07:01,diff_bps=2.25
T0003768,price_mismatch_within_tol,1,PFE,BUY,600,600,25.9632,25.9652,2026-05-20 14:17:29,2026-05-20 14:17:29,diff_bps=0.77
T0003784,price_mismatch_within_tol,1,UNH,BUY,2200,2200,328.6582,328.6356,2025-12-29 10:21:06,2025-12-29 10:21:06,diff_bps=0.69
T0003897,price_mismatch_within_tol,1,WFC,BUY,1200,1200,79.4795,79.4886,2026-03-23 11:04:47,2026-03-23 11:04:47,diff_bps=1.14
T0003922,price_mismatch_within_tol,1,CVX,SELL,3400,3400,166.5255,166.5428,2026-01-16 10:07:01,2026-01-16 10:07:01,diff_bps=1.04
T0003924,price_mismatch_within_tol,1,BAC,SELL,3100,3100,52.1347,52.1425,2026-01-27 14:47:59,2026-01-27 14:47:59,diff_bps=1.50
T0003936,price_mismatch_within_tol,1,WMT,BUY,1100,1100,131.6252,131.6431,2026-05-20 15:46:58,2026-05-20 15:46:58,diff_bps=1.36
T0004049,price_mismatch_within_tol,1,TSLA,SELL,500,500,367.0661,366.9647,2026-04-02 14:46:39,2026-04-02 14:46:39,diff_bps=2.76
T0004075,price_mismatch_within_tol,1,TSLA,BUY,3000,3000,403.472,403.4485,2026-02-24 10:22:28,2026-02-24 10:22:28,diff_bps=0.58
T0004107,price_mismatch_within_tol,1,GOOGL,BUY,4000,4000,321.378,321.3448,2025-12-04 13:17:41,2025-12-04 13:17:41,diff_bps=1.03
T0004290,price_mismatch_within_tol,1,TSLA,SELL,800,800,490.4135,490.3185,2025-12-23 09:44:01,2025-12-23 09:44:01,diff_bps=1.94
T0004427,price_mismatch_within_tol,1,NVDA,SELL,3600,3600,172.9294,172.956,2025-12-18 11:12:46,2025-12-18 11:12:46,diff_bps=1.54
T0004446,price_mismatch_within_tol,1,BAC,BUY,3700,3700,52.0214,52.029,2026-01-23 11:33:58,2026-01-23 11:33:58,diff_bps=1.46
T0004521,price_mismatch_within_tol,1,PEP,SELL,4500,4500,156.961,156.9522,2026-04-21 13:04:41,2026-04-21 13:04:41,diff_bps=0.56
T0004660,price_mismatch_within_tol,1,GS,BUY,4500,4500,942.8317,943.0062,2026-05-18 15:08:21,2026-05-18 15:08:21,diff_bps=1.85
T0004690,price_mismatch_within_tol,1,PFE,BUY,200,200,27.1098,27.1112,2026-02-19 15:42:29,2026-02-19 15:42:29,diff_bps=0.52
T0004736,price_mismatch_within_tol,1,BAC,BUY,100,100,53.8631,53.8505,2026-02-02 10:53:26,2026-02-02 10:53:26,diff_bps=2.34
T0004850,price_mismatch_within_tol,1,KO,SELL,600,600,71.7577,71.7383,2025-11-24 09:44:02,2025-11-24 09:44:02,diff_bps=2.70
T0004900,price_mismatch_within_tol,1,XOM,BUY,2200,2200,166.0616,166.0837,2026-04-01 15:22:06,2026-04-01 15:22:06,diff_bps=1.33
T0004980,price_mismatch_within_tol,1,CVX,SELL,4300,4300,150.9043,150.9118,2025-12-24 12:19:47,2025-12-24 12:19:47,diff_bps=0.50
T0000042,symbol_mismatch,1,UNH,SELL,2100,2100,325.4875,325.4875,2025-12-23 12:30:34,2025-12-23 12:30:34,ledger=UNH broker=DNH
T0000140,symbol_mismatch,1,BAC,BUY,2400,2400,51.54,51.54,2026-04-08 13:52:10,2026-04-08 13:52:10,ledger=BAC broker=BIC
T0000148,symbol_mismatch,1,META,SELL,1300,1300,538.8408,538.8408,2026-03-27 14:40:10,2026-03-27 14:40:10,ledger=META broker=METW
T0000466,symbol_mismatch,1,PEP,BUY,1300,1300,144.0717,144.0717,2026-01-23 14:33:30,2026-01-23 14:33:30,ledger=PEP broker=PES
T0000820,symbol_mismatch,1,PEP,BUY,200,200,149.0827,149.0827,2026-05-20 15:31:07,2026-05-20 15:31:07,ledger=PEP broker=PZP
T0001090,symbol_mismatch,1,GOOGL,SELL,4900,4900,338.3273,338.3273,2026-04-24 15:20:33,2026-04-24 15:20:33,ledger=GOOGL broker=NOOGL
T0001444,symbol_mismatch,1,BAC,BUY,3400,3100,47.9086,47.9086,2026-03-24 14:34:10,2026-03-24 14:34:10,ledger=BAC broker=BWC
T0001471,symbol_mismatch,1,HD,SELL,4600,4600,302.7615,302.7615,2026-05-15 13:13:23,2026-05-15 13:13:23,ledger=HD broker=HZ
T0001865,symbol_mismatch,1,WMT,BUY,4600,4600,124.7267,124.7267,2026-04-01 11:57:07,2026-04-01 11:57:07,ledger=WMT broker=WMP
T0001899,symbol_mismatch,1,PFE,BUY,2100,2100,25.718,25.718,2026-05-13 10:46:37,2026-05-13 10:46:37,ledger=PFE broker=PZE
T0001928,symbol_mismatch,1,GOOGL,SELL,1400,1400,303.8221,303.8221,2026-02-26 12:31:49,2026-02-26 12:31:49,ledger=GOOGL broker=GOTGL
T0002220,symbol_mismatch,1,AMZN,SELL,1500,1500,257.1573,257.1573,2026-04-28 15:35:56,2026-04-28 15:35:56,ledger=AMZN broker=AMZX
T0002423,symbol_mismatch,1,GOOGL,SELL,4200,4200,313.7923,313.7923,2025-12-08 12:43:49,2025-12-08 12:43:49,ledger=GOOGL broker=GOOGH
T0002430,symbol_mismatch,1,NVDA,SELL,3300,3300,186.7354,186.7354,2026-02-09 13:22:20,2026-02-09 13:22:20,ledger=NVDA broker=NVHA
T0002803,symbol_mismatch,1,PEP,SELL,400,400,158.2921,158.2921,2026-04-16 14:21:47,2026-04-16 14:21:47,ledger=PEP broker=PFP
T0002905,symbol_mismatch,1,JNJ,SELL,4900,4900,206.5845,206.6273,2025-12-01 11:48:55,2025-12-01 11:48:55,ledger=JNJ broker=JUJ
T0003334,symbol_mismatch,1,WMT,SELL,2800,2800,132.6833,132.6833,2026-05-18 14:58:29,2026-05-18 14:58:29,ledger=WMT broker=ZMT
T0003417,symbol_mismatch,1,CVX,BUY,600,600,167.9787,167.9787,2026-01-21 14:25:07,2026-01-21 14:25:07,ledger=CVX broker=CSX
T0003470,symbol_mismatch,1,HD,BUY,1000,1000,386.2849,386.2849,2026-01-26 15:42:16,2026-01-26 15:42:16,ledger=HD broker=HG
T0003632,symbol_mismatch,1,WFC,SELL,500,500,77.7644,77.7644,2026-05-08 10:29:55,2026-05-08 10:29:55,ledger=WFC broker=WFF
T0003900,symbol_mismatch,1,KO,BUY,3700,3700,80.8976,80.8976,2026-02-24 15:57:00,2026-02-24 15:57:00,ledger=KO broker=VO
T0004091,symbol_mismatch,1,PFE,BUY,5000,5000,27.2592,27.2592,2026-04-09 15:12:10,2026-04-09 15:12:10,ledger=PFE broker=CFE
T0004193,symbol_mismatch,1,PFE,SELL,3200,3200,26.7735,26.7735,2026-04-23 11:37:44,2026-04-23 11:37:44,ledger=PFE broker=IFE
T0004211,symbol_mismatch,1,AMZN,SELL,3800,3800,229.2572,229.2572,2025-11-26 14:03:34,2025-11-26 14:03:34,ledger=AMZN broker=CMZN
T0004508,symbol_mismatch,1,XOM,BUY,4400,4400,152.1544,152.1544,2026-04-10 15:22:04,2026-04-10 15:22:04,ledger=XOM broker=XOA
T0000031,timestamp_mismatch,1,GS,SELL,2500,2500,794.5921,794.5921,2025-11-25 14:05:00,2025-11-25 09:05:00,diff_minutes=300.0
T0000105,timestamp_mismatch,1,UNH,SELL,4900,4900,393.5084,393.5084,2026-05-13 15:20:23,2026-05-13 20:20:23,diff_minutes=300.0
T0000220,timestamp_mismatch,1,KO,SELL,4300,4300,71.0452,71.0452,2025-12-03 12:10:55,2025-12-03 07:10:55,diff_minutes=300.0
T0000395,timestamp_mismatch,1,PFE,BUY,1700,1700,27.1771,27.1771,2026-02-05 10:16:25,2026-02-05 15:16:25,diff_minutes=300.0
T0000567,timestamp_mismatch,1,META,BUY,2600,2600,641.3446,641.3446,2026-03-06 10:33:05,2026-03-06 15:33:05,diff_minutes=300.0
T0001021,timestamp_mismatch,1,MSFT,SELL,4200,4200,476.847,476.847,2025-12-15 10:58:11,2025-12-15 05:58:11,diff_minutes=300.0
T0001364,timestamp_mismatch,1,META,BUY,4700,4700,640.4199,640.4199,2025-12-01 11:27:37,2025-12-01 06:27:37,diff_minutes=300.0
T0001371,timestamp_mismatch,1,HD,SELL,200,200,343.1214,343.1214,2026-03-17 12:28:45,2026-03-17 17:28:45,diff_minutes=300.0
T0001386,timestamp_mismatch,1,META,BUY,1000,1000,574.3571,574.3571,2026-04-01 10:57:31,2026-04-01 15:57:31,diff_minutes=300.0
T0001462,timestamp_mismatch,1,TSLA,BUY,2300,2300,432.7567,432.7567,2026-01-09 10:00:59,2026-01-09 05:00:59,diff_minutes=300.0
T0001537,timestamp_mismatch,1,AMZN,SELL,800,800,229.4848,229.4848,2025-12-05 11:49:45,2025-12-05 06:49:45,diff_minutes=300.0
T0002049,timestamp_mismatch,1,UNH,SELL,4900,4900,332.6474,332.6474,2025-11-26 10:53:21,2025-11-26 05:53:21,diff_minutes=300.0
T0002206,timestamp_mismatch,1,UNH,BUY,2200,2200,397.6036,397.6036,2026-05-14 10:35:40,2026-05-14 15:35:40,diff_minutes=300.0
T0002322,timestamp_mismatch,1,AAPL,BUY,3100,3100,249.5043,249.5043,2026-03-31 13:15:00,2026-03-31 08:15:00,diff_minutes=300.0
T0002325,timestamp_mismatch,1,PFE,BUY,4900,4900,25.881,25.881,2026-05-12 11:21:58,2026-05-12 06:21:58,diff_minutes=300.0
T0002385,timestamp_mismatch,1,AMZN,SELL,800,800,212.0231,212.0231,2026-03-26 10:53:40,2026-03-26 05:53:40,diff_minutes=300.0
T0002396,timestamp_mismatch,1,JNJ,BUY,1800,1800,211.7258,211.7258,2025-12-16 13:52:18,2025-12-16 18:52:18,diff_minutes=300.0
T0002469,timestamp_mismatch,1,AAPL,BUY,2000,2000,260.2158,260.2158,2026-03-03 14:54:57,2026-03-03 19:54:57,diff_minutes=300.0
T0002510,timestamp_mismatch,1,GOOGL,BUY,1500,1500,310.7854,310.7854,2026-02-12 10:08:19,2026-02-12 15:08:19,diff_minutes=300.0
T0002550,timestamp_mismatch,1,GOOGL,BUY,4400,4400,300.486,300.486,2026-03-06 13:21:20,2026-03-06 18:21:20,diff_minutes=300.0
T0002582,timestamp_mismatch,1,GS,BUY,2200,2200,947.8375,947.8375,2026-01-07 12:41:21,2026-01-07 17:41:21,diff_minutes=300.0
T0002929,timestamp_mismatch,1,AMZN,SELL,3100,3100,211.6668,211.6668,2026-04-02 13:12:14,2026-04-02 18:12:14,diff_minutes=300.0
T0003163,timestamp_mismatch,1,AMZN,BUY,1300,1300,231.7505,231.7505,2025-12-31 12:23:04,2025-12-31 17:23:04,diff_minutes=300.0
T0003180,timestamp_mismatch,1,AMZN,SELL,1000,1000,222.5584,222.5584,2026-02-05 12:21:14,2026-02-05 07:21:14,diff_minutes=300.0
T0003316,timestamp_mismatch,1,WMT,BUY,4300,4300,130.363,130.363,2026-05-12 14:39:07,2026-05-12 19:39:07,diff_minutes=300.0
T0003337,timestamp_mismatch,1,WFC,BUY,1300,1300,89.1657,89.1657,2026-02-18 10:37:58,2026-02-18 05:37:58,diff_minutes=300.0
T0003452,timestamp_mismatch,1,MSFT,BUY,4900,4900,480.7055,480.7055,2025-12-11 13:16:03,2025-12-11 08:16:03,diff_minutes=300.0
T0003459,timestamp_mismatch,1,WMT,SELL,1000,1000,131.805,131.805,2026-04-23 13:29:40,2026-04-23 18:29:40,diff_minutes=300.0
T0003533,timestamp_mismatch,1,MSFT,BUY,4900,4900,470.5504,470.5504,2026-01-05 09:34:55,2026-01-05 04:34:55,diff_minutes=300.0
T0003556,timestamp_mismatch,1,BAC,BUY,900,900,49.5393,49.5393,2026-05-14 12:08:05,2026-05-14 07:08:05,diff_minutes=300.0
T0003781,timestamp_mismatch,1,MSFT,SELL,3300,3300,476.0815,476.0815,2025-12-16 11:24:36,2025-12-16 16:24:36,diff_minutes=300.0
T0003807,timestamp_mismatch,1,GOOGL,SELL,1800,1800,319.2077,319.2077,2025-12-03 14:54:31,2025-12-03 09:54:31,diff_minutes=300.0
T0003878,timestamp_mismatch,1,META,SELL,1900,1900,615.3164,615.3164,2026-05-08 10:55:20,2026-05-08 05:55:20,diff_minutes=300.0
T0003881,timestamp_mismatch,1,HD,BUY,1300,1300,381.2789,381.2789,2026-01-16 15:24:33,2026-01-16 20:24:33,diff_minutes=300.0
T0004008,timestamp_mismatch,1,JNJ,SELL,4500,4500,205.1966,205.1966,2025-11-25 15:52:47,2025-11-25 20:52:47,diff_minutes=300.0
T0004077,timestamp_mismatch,1,PEP,SELL,3000,3000,160.2203,160.2203,2026-03-13 10:21:40,2026-03-13 15:21:40,diff_minutes=300.0
T0004161,timestamp_mismatch,1,BAC,BUY,4300,4300,54.2441,54.2441,2025-12-04 09:46:50,2025-12-04 14:46:50,diff_minutes=300.0
T0004191,timestamp_mismatch,1,BAC,BUY,400,400,48.1581,48.1581,2026-03-11 15:28:50,2026-03-11 10:28:50,diff_minutes=300.0
T0004239,timestamp_mismatch,1,UNH,SELL,2600,2600,332.9651,332.9651,2025-12-29 15:48:55,2025-12-29 10:48:55,diff_minutes=300.0
T0004249,timestamp_mismatch,1,KO,BUY,4500,4500,68.3525,68.3525,2026-01-08 12:40:32,2026-01-08 07:40:32,diff_minutes=300.0
T0004250,timestamp_mismatch,1,JPM,BUY,5000,5000,287.8936,287.8936,2026-03-09 09:30:46,2026-03-09 04:30:46,diff_minutes=300.0
T0004268,timestamp_mismatch,1,KO,BUY,4100,4100,77.2824,77.2824,2026-03-09 10:34:46,2026-03-09 15:34:46,diff_minutes=300.0
T0004274,timestamp_mismatch,1,TSLA,SELL,3700,3700,447.0422,447.0422,2026-01-16 14:05:50,2026-01-16 09:05:50,diff_minutes=300.0
T0004428,timestamp_mismatch,1,GS,SELL,1000,1000,847.9364,847.9364,2026-03-23 11:04:15,2026-03-23 16:04:15,diff_minutes=300.0
T0004455,timestamp_mismatch,1,CVX,BUY,2200,2200,159.0144,159.0144,2026-01-08 11:47:40,2026-01-08 06:47:40,diff_minutes=300.0
T0004522,timestamp_mismatch,1,JNJ,SELL,1900,1900,229.6107,229.6107,2026-05-18 14:30:29,2026-05-18 19:30:29,diff_minutes=300.0
T0004648,timestamp_mismatch,1,MSFT,BUY,4600,4600,399.3593,399.3593,2026-03-16 14:53:07,2026-03-16 19:53:07,diff_minutes=300.0
T0004790,timestamp_mismatch,1,XOM,SELL,2100,2100,144.7078,144.7078,2026-05-07 14:07:19,2026-05-07 19:07:19,diff_minutes=300.0
T0004819,timestamp_mismatch,1,WFC,SELL,4500,4500,77.6692,77.6692,2026-03-27 12:33:34,2026-03-27 07:33:34,diff_minutes=300.0
T0004931,timestamp_mismatch,1,AAPL,SELL,400,400,252.8249,252.8249,2026-01-20 12:49:28,2026-01-20 17:49:28,diff_minutes=300.0
